{
    "city_id": 30,
    "city_name": "Buenos Aires",
    "state_code": null,
    "country_name": "Argentina",
    "exchange_rate": {
      "EUR": 0.9641249120236018,
      "AUD": 1.4970401365200876,
      "USD": 1,
      "CAD": 1.3441251048485843,
      "CNY": 7.205101184909517,
      "CZK": 23.476015464563588,
      "DKK": 7.170099594103413,
      "GBP": 0.8286701825088458,
      "HKD": 7.820719044359387,
      "JPY": 138.2164846077458,
      "NZD": 1.6113843869611748,
      "NOK": 9.949329451123688,
      "RUB": 60.814997927131444,
      "KRW": 1341.0302098899933,
      "CHF": 0.9457197674530712,
      "UAH": 37.08369664773768,
      "SEK": 10.458629400025067
    },
    "exchange_rates_updated": {
      "date": "2022-11-28",
      "timestamp": 1669618803
    },
    "prices": [
      {
        "good_id": 1,
        "item_name": "Price per square meter to Buy Apartment Outside of City Center",
        "category_id": 1,
        "category_name": "Buy Apartment",
        "min": 1600,
        "avg": 2233.22,
        "max": 3000,
        "usd": {
          "min": "1600.00",
          "avg": "2233.22",
          "max": "3000.00"
        },
        "measure": "money",
        "currency_code": "USD"
      },
      {
        "good_id": 2,
        "item_name": "Price per square meter to Buy Apartment in City Center",
        "category_id": 1,
        "category_name": "Buy Apartment",
        "min": 2500,
        "avg": 3110.3,
        "max": 5079.31,
        "usd": {
          "min": "2500.00",
          "avg": "3110.30",
          "max": "5079.31"
        },
        "measure": "money",
        "currency_code": "USD"
      },
      {
        "good_id": 3,
        "item_name": "International Primary School, Yearly for 1 Child",
        "category_id": 2,
        "category_name": "Childcare",
        "min": 3204.72,
        "avg": 4906.46,
        "max": 7805.89,
        "usd": {
          "min": "3204.72",
          "avg": "4906.46",
          "max": "7805.89"
        },
        "measure": "money",
        "currency_code": "USD"
      },
      {
        "good_id": 4,
        "item_name": "Private Preschool or Kindergarten, Monthly for 1 Child",
        "category_id": 2,
        "category_name": "Childcare",
        "min": 119.09,
        "avg": 215.55,
        "max": 312.01,
        "usd": {
          "min": "119.09",
          "avg": "215.55",
          "max": "312.01"
        },
        "measure": "money",
        "currency_code": "USD"
      },
      {
        "good_id": 5,
        "item_name": "Pair of Jeans in a Chain Store Like George, H&M, Zara, etc.",
        "category_id": 3,
        "category_name": "Clothing And Shoes",
        "min": 28.03,
        "avg": 60.95,
        "max": 105.31,
        "usd": {
          "min": "28.03",
          "avg": "60.95",
          "max": "105.31"
        },
        "measure": "money",
        "currency_code": "USD"
      },
      {
        "good_id": 6,
        "item_name": "Pair of Leather Business Shoes",
        "category_id": 3,
        "category_name": "Clothing And Shoes",
        "min": 51.35,
        "avg": 88.33,
        "max": 127.93,
        "usd": {
          "min": "51.35",
          "avg": "88.33",
          "max": "127.93"
        },
        "measure": "money",
        "currency_code": "USD"
      },
      {
        "good_id": 7,
        "item_name": "Pair of Running Shoes, Mid-Range Price",
        "category_id": 3,
        "category_name": "Clothing And Shoes",
        "min": 53.17,
        "avg": 87.77,
        "max": 122.73,
        "usd": {
          "min": "53.17",
          "avg": "87.77",
          "max": "122.73"
        },
        "measure": "money",
        "currency_code": "USD"
      },
      {
        "good_id": 9,
        "item_name": "Apples, 1 kg",
        "category_id": 4,
        "category_name": "Markets",
        "min": 0.86,
        "avg": 1.41,
        "max": 2.18,
        "usd": {
          "min": "0.86",
          "avg": "1.41",
          "max": "2.18"
        },
        "measure": "money",
        "currency_code": "USD"
      },
      {
        "good_id": 10,
        "item_name": "Banana, 1 kg",
        "category_id": 4,
        "category_name": "Markets",
        "min": 1.04,
        "avg": 1.38,
        "max": 1.84,
        "usd": {
          "min": "1.04",
          "avg": "1.38",
          "max": "1.84"
        },
        "measure": "money",
        "currency_code": "USD"
      },
      {
        "good_id": 11,
        "item_name": "Beef Round or Equivalent Back Leg Red Meat, 1 kg ",
        "category_id": 4,
        "category_name": "Markets",
        "min": 4.3,
        "avg": 5.78,
        "max": 7.75,
        "usd": {
          "min": "4.30",
          "avg": "5.78",
          "max": "7.75"
        },
        "measure": "money",
        "currency_code": "USD"
      },
      {
        "good_id": 12,
        "item_name": "Bottle of Wine, Mid-Range Price",
        "category_id": 4,
        "category_name": "Markets",
        "min": 2.06,
        "avg": 3.06,
        "max": 5.29,
        "usd": {
          "min": "2.06",
          "avg": "3.06",
          "max": "5.29"
        },
        "measure": "money",
        "currency_code": "USD"
      },
      {
        "good_id": 13,
        "item_name": "Chicken Breasts, Boneless and Skinless, 1 kg",
        "category_id": 4,
        "category_name": "Markets",
        "min": 1.98,
        "avg": 3.92,
        "max": 5.92,
        "usd": {
          "min": "1.98",
          "avg": "3.92",
          "max": "5.92"
        },
        "measure": "money",
        "currency_code": "USD"
      },
      {
        "good_id": 14,
        "item_name": "Domestic Beer, 0.5 liter Bottle",
        "category_id": 4,
        "category_name": "Markets",
        "min": 0.74,
        "avg": 1.14,
        "max": 1.75,
        "usd": {
          "min": "0.74",
          "avg": "1.14",
          "max": "1.75"
        },
        "measure": "money",
        "currency_code": "USD"
      },
      {
        "good_id": 15,
        "item_name": "Eggs, 12 pack",
        "category_id": 4,
        "category_name": "Markets",
        "min": 1.01,
        "avg": 1.76,
        "max": 2.51,
        "usd": {
          "min": "1.01",
          "avg": "1.76",
          "max": "2.51"
        },
        "measure": "money",
        "currency_code": "USD"
      },
      {
        "good_id": 17,
        "item_name": "Lettuce, 1 head",
        "category_id": 4,
        "category_name": "Markets",
        "min": 0.49,
        "avg": 0.8,
        "max": 1.64,
        "usd": {
          "min": "0.49",
          "avg": "0.80",
          "max": "1.64"
        },
        "measure": "money",
        "currency_code": "USD"
      },
      {
        "good_id": 18,
        "item_name": "Loaf of Fresh White Bread, 0.5 kg",
        "category_id": 4,
        "category_name": "Markets",
        "min": 0.66,
        "avg": 1.39,
        "max": 2.79,
        "usd": {
          "min": "0.66",
          "avg": "1.39",
          "max": "2.79"
        },
        "measure": "money",
        "currency_code": "USD"
      },
      {
        "good_id": 19,
        "item_name": "Local Cheese, 1 kg",
        "category_id": 4,
        "category_name": "Markets",
        "min": 3.82,
        "avg": 6.11,
        "max": 15.02,
        "usd": {
          "min": "3.82",
          "avg": "6.11",
          "max": "15.02"
        },
        "measure": "money",
        "currency_code": "USD"
      },
      {
        "good_id": 20,
        "item_name": "Milk, Regular,1 liter",
        "category_id": 4,
        "category_name": "Markets",
        "min": 0.67,
        "avg": 0.89,
        "max": 1.11,
        "usd": {
          "min": "0.67",
          "avg": "0.89",
          "max": "1.11"
        },
        "measure": "money",
        "currency_code": "USD"
      },
      {
        "good_id": 21,
        "item_name": "Onion, 1 kg",
        "category_id": 4,
        "category_name": "Markets",
        "min": 0.59,
        "avg": 0.91,
        "max": 1.37,
        "usd": {
          "min": "0.59",
          "avg": "0.91",
          "max": "1.37"
        },
        "measure": "money",
        "currency_code": "USD"
      },
      {
        "good_id": 22,
        "item_name": "Oranges, 1 kg",
        "category_id": 4,
        "category_name": "Markets",
        "min": 0.52,
        "avg": 0.93,
        "max": 1.34,
        "usd": {
          "min": "0.52",
          "avg": "0.93",
          "max": "1.34"
        },
        "measure": "money",
        "currency_code": "USD"
      },
      {
        "good_id": 23,
        "item_name": "Pack of Cigarettes",
        "category_id": 4,
        "category_name": "Markets",
        "min": 2.09,
        "avg": 2.51,
        "max": 2.97,
        "usd": {
          "min": "2.09",
          "avg": "2.51",
          "max": "2.97"
        },
        "measure": "money",
        "currency_code": "USD"
      },
      {
        "good_id": 24,
        "item_name": "Potato, 1 kg",
        "category_id": 4,
        "category_name": "Markets",
        "min": 0.34,
        "avg": 0.67,
        "max": 1,
        "usd": {
          "min": "0.34",
          "avg": "0.67",
          "max": "1.00"
        },
        "measure": "money",
        "currency_code": "USD"
      },
      {
        "good_id": 25,
        "item_name": "White Rice, 1 kg",
        "category_id": 4,
        "category_name": "Markets",
        "min": 0.71,
        "avg": 0.98,
        "max": 1.63,
        "usd": {
          "min": "0.71",
          "avg": "0.98",
          "max": "1.63"
        },
        "measure": "money",
        "currency_code": "USD"
      },
      {
        "good_id": 26,
        "item_name": "Tomato, 1 kg",
        "category_id": 4,
        "category_name": "Markets",
        "min": 0.66,
        "avg": 1.49,
        "max": 2.34,
        "usd": {
          "min": "0.66",
          "avg": "1.49",
          "max": "2.34"
        },
        "measure": "money",
        "currency_code": "USD"
      },
      {
        "good_id": 27,
        "item_name": "Water, 1.5 liter Bottle",
        "category_id": 4,
        "category_name": "Markets",
        "min": 0.56,
        "avg": 0.93,
        "max": 1.3,
        "usd": {
          "min": "0.56",
          "avg": "0.93",
          "max": "1.30"
        },
        "measure": "money",
        "currency_code": "USD"
      },
      {
        "good_id": 28,
        "item_name": "One bedroom apartment outside of city centre",
        "category_id": 5,
        "category_name": "Rent Per Month",
        "min": 161.21,
        "avg": 236.25,
        "max": 408.8,
        "usd": {
          "min": "161.21",
          "avg": "236.25",
          "max": "408.80"
        },
        "measure": "money",
        "currency_code": "USD"
      },
      {
        "good_id": 29,
        "item_name": "One bedroom apartment in city centre",
        "category_id": 5,
        "category_name": "Rent Per Month",
        "min": 232.04,
        "avg": 312.44,
        "max": 492.79,
        "usd": {
          "min": "232.04",
          "avg": "312.44",
          "max": "492.79"
        },
        "measure": "money",
        "currency_code": "USD"
      },
      {
        "good_id": 30,
        "item_name": "Three bedroom apartment outside of city centre",
        "category_id": 5,
        "category_name": "Rent Per Month",
        "min": 298.3,
        "avg": 450.64,
        "max": 702.06,
        "usd": {
          "min": "298.30",
          "avg": "450.64",
          "max": "702.06"
        },
        "measure": "money",
        "currency_code": "USD"
      },
      {
        "good_id": 31,
        "item_name": "Three bedroom apartment in city centre",
        "category_id": 5,
        "category_name": "Rent Per Month",
        "min": 461.87,
        "avg": 631.89,
        "max": 940.26,
        "usd": {
          "min": "461.87",
          "avg": "631.89",
          "max": "940.26"
        },
        "measure": "money",
        "currency_code": "USD"
      },
      {
        "good_id": 32,
        "item_name": "Cappuccino",
        "category_id": 6,
        "category_name": "Restaurants",
        "min": 0.84,
        "avg": 2.01,
        "max": 3.18,
        "usd": {
          "min": "0.84",
          "avg": "2.01",
          "max": "3.18"
        },
        "measure": "money",
        "currency_code": "USD"
      },
      {
        "good_id": 33,
        "item_name": "Coca-Cola, 0.33 liter Bottle",
        "category_id": 6,
        "category_name": "Restaurants",
        "min": 0.69,
        "avg": 1.08,
        "max": 1.94,
        "usd": {
          "min": "0.69",
          "avg": "1.08",
          "max": "1.94"
        },
        "measure": "money",
        "currency_code": "USD"
      },
      {
        "good_id": 34,
        "item_name": "Domestic Beer, 0.5 liter Draught",
        "category_id": 6,
        "category_name": "Restaurants",
        "min": 0.98,
        "avg": 1.66,
        "max": 2.83,
        "usd": {
          "min": "0.98",
          "avg": "1.66",
          "max": "2.83"
        },
        "measure": "money",
        "currency_code": "USD"
      },
      {
        "good_id": 35,
        "item_name": "Imported Beer, 0.33 liter Bottle",
        "category_id": 6,
        "category_name": "Restaurants",
        "min": 1.54,
        "avg": 2.53,
        "max": 4.42,
        "usd": {
          "min": "1.54",
          "avg": "2.53",
          "max": "4.42"
        },
        "measure": "money",
        "currency_code": "USD"
      },
      {
        "good_id": 36,
        "item_name": "McMeal at McDonalds or Alternative Combo Meal",
        "category_id": 6,
        "category_name": "Restaurants",
        "min": 5.56,
        "avg": 6.6,
        "max": 7.64,
        "usd": {
          "min": "5.56",
          "avg": "6.60",
          "max": "7.64"
        },
        "measure": "money",
        "currency_code": "USD"
      },
      {
        "good_id": 37,
        "item_name": "Meal for 2 People, Mid-range Restaurant, Three-course",
        "category_id": 6,
        "category_name": "Restaurants",
        "min": 19.95,
        "avg": 26.9,
        "max": 53.82,
        "usd": {
          "min": "19.95",
          "avg": "26.90",
          "max": "53.82"
        },
        "measure": "money",
        "currency_code": "USD"
      },
      {
        "good_id": 38,
        "item_name": "Meal in Inexpensive Restaurant",
        "category_id": 6,
        "category_name": "Restaurants",
        "min": 5.37,
        "avg": 7.57,
        "max": 13.88,
        "usd": {
          "min": "5.37",
          "avg": "7.57",
          "max": "13.88"
        },
        "measure": "money",
        "currency_code": "USD"
      },
      {
        "good_id": 40,
        "item_name": "Average Monthly Net Salary, After Tax",
        "category_id": 7,
        "category_name": "Salaries And Financing",
        "min": 488.61,
        "avg": 542.9,
        "max": 597.19,
        "usd": {
          "min": "488.61",
          "avg": "542.90",
          "max": "597.19"
        },
        "measure": "money",
        "currency_code": "USD"
      },
      {
        "good_id": 42,
        "item_name": "Cinema ticket, 1 Seat",
        "category_id": 8,
        "category_name": "Sports And Leisure",
        "min": 4.21,
        "avg": 5.77,
        "max": 8.84,
        "usd": {
          "min": "4.21",
          "avg": "5.77",
          "max": "8.84"
        },
        "measure": "money",
        "currency_code": "USD"
      },
      {
        "good_id": 43,
        "item_name": "Fitness Club, Monthly Fee for 1 Adult",
        "category_id": 8,
        "category_name": "Sports And Leisure",
        "min": 21.06,
        "avg": 32.72,
        "max": 47.98,
        "usd": {
          "min": "21.06",
          "avg": "32.72",
          "max": "47.98"
        },
        "measure": "money",
        "currency_code": "USD"
      },
      {
        "good_id": 44,
        "item_name": "Tennis Court Rent, 1 Hour on Weekend",
        "category_id": 8,
        "category_name": "Sports And Leisure",
        "min": 6.62,
        "avg": 8.98,
        "max": 11.34,
        "usd": {
          "min": "6.62",
          "avg": "8.98",
          "max": "11.34"
        },
        "measure": "money",
        "currency_code": "USD"
      },
      {
        "good_id": 45,
        "item_name": "Gasoline, 1 liter",
        "category_id": 9,
        "category_name": "Transportation",
        "min": 0.79,
        "avg": 0.88,
        "max": 1,
        "usd": {
          "min": "0.79",
          "avg": "0.88",
          "max": "1.00"
        },
        "measure": "money",
        "currency_code": "USD"
      },
      {
        "good_id": 46,
        "item_name": "Monthly Pass, Regular Price",
        "category_id": 9,
        "category_name": "Transportation",
        "min": 10.87,
        "avg": 17.8,
        "max": 26.47,
        "usd": {
          "min": "10.87",
          "avg": "17.80",
          "max": "26.47"
        },
        "measure": "money",
        "currency_code": "USD"
      },
      {
        "good_id": 47,
        "item_name": "One-way Ticket, Local Transport",
        "category_id": 9,
        "category_name": "Transportation",
        "min": 0.28,
        "avg": 0.32,
        "max": 0.43,
        "usd": {
          "min": "0.28",
          "avg": "0.32",
          "max": "0.43"
        },
        "measure": "money",
        "currency_code": "USD"
      },
      {
        "good_id": 48,
        "item_name": "Taxi, price for 1 hour Waiting, Normal Tariff",
        "category_id": 9,
        "category_name": "Transportation",
        "min": 2.57,
        "avg": 5.31,
        "max": 8.05,
        "usd": {
          "min": "2.57",
          "avg": "5.31",
          "max": "8.05"
        },
        "measure": "money",
        "currency_code": "USD"
      },
      {
        "good_id": 49,
        "item_name": "Taxi, price for 1 km, Normal Tariff",
        "category_id": 9,
        "category_name": "Transportation",
        "min": 0.44,
        "avg": 0.48,
        "max": 0.84,
        "usd": {
          "min": "0.44",
          "avg": "0.48",
          "max": "0.84"
        },
        "measure": "money",
        "currency_code": "USD"
      },
      {
        "good_id": 50,
        "item_name": "Taxi Start, Normal Tariff",
        "category_id": 9,
        "category_name": "Transportation",
        "min": 0.87,
        "avg": 0.89,
        "max": 1.07,
        "usd": {
          "min": "0.87",
          "avg": "0.89",
          "max": "1.07"
        },
        "measure": "money",
        "currency_code": "USD"
      },
      {
        "good_id": 52,
        "item_name": "Volkswagen Golf 1.4 90 KW Trendline (Or Equivalent New Car)",
        "category_id": 9,
        "category_name": "Transportation",
        "min": 26000,
        "avg": 37634.12,
        "max": 49268.24,
        "usd": {
          "min": "26000.00",
          "avg": "37634.12",
          "max": "49268.24"
        },
        "measure": "money",
        "currency_code": "USD"
      },
      {
        "good_id": 53,
        "item_name": "Prepaid Mobile Tariff Local, price per 1 min, No Discounts or Plans",
        "category_id": 10,
        "category_name": "Utilities Per Month",
        "min": 0.04,
        "avg": 0.15,
        "max": 0.26,
        "usd": {
          "min": "0.04",
          "avg": "0.15",
          "max": "0.26"
        },
        "measure": "money",
        "currency_code": "USD"
      },
      {
        "good_id": 54,
        "item_name": "Basic utilities for 85 square meter Apartment including Electricity, Heating or Cooling, Water and Garbage",
        "category_id": 10,
        "category_name": "Utilities Per Month",
        "min": 45.31,
        "avg": 63.69,
        "max": 116.38,
        "usd": {
          "min": "45.31",
          "avg": "63.69",
          "max": "116.38"
        },
        "measure": "money",
        "currency_code": "USD"
      },
      {
        "good_id": 55,
        "item_name": "Internet, 60 Mbps or More, Unlimited Data, Cable/ADSL",
        "category_id": 10,
        "category_name": "Utilities Per Month",
        "min": 21.02,
        "avg": 29.09,
        "max": 42.64,
        "usd": {
          "min": "21.02",
          "avg": "29.09",
          "max": "42.64"
        },
        "measure": "money",
        "currency_code": "USD"
      },
      {
        "good_id": 58,
        "item_name": "Water, 0.33 liter Bottle",
        "category_id": 4,
        "category_name": "Markets",
        "min": 0.62,
        "avg": 0.84,
        "max": 1.19,
        "usd": {
          "min": "0.62",
          "avg": "0.84",
          "max": "1.19"
        },
        "measure": "money",
        "currency_code": "USD"
      },
      {
        "good_id": 64,
        "item_name": "Summer Dress in a Chain Store Like George, H&M, Zara, etc.",
        "category_id": 3,
        "category_name": "Clothing And Shoes",
        "min": 28.03,
        "avg": 54.95,
        "max": 81.87,
        "usd": {
          "min": "28.03",
          "avg": "54.95",
          "max": "81.87"
        },
        "measure": "money",
        "currency_code": "USD"
      },
      {
        "good_id": 65,
        "item_name": "Mortgage Interest Rate in Percentages for 20 Years Fixed-Rate, Yearly, Fixed-Rate",
        "category_id": 7,
        "category_name": "Salaries And Financing",
        "min": 41.12,
        "avg": 45.69,
        "max": 50.26,
        "measure": "percent"
      },
      {
        "good_id": 68,
        "item_name": "Imported Beer, 0.33 liter Bottle",
        "category_id": 4,
        "category_name": "Markets",
        "min": 1,
        "avg": 1.89,
        "max": 3.29,
        "usd": {
          "min": "1.00",
          "avg": "1.89",
          "max": "3.29"
        },
        "measure": "money",
        "currency_code": "USD"
      }
    ],
    "error": null
  }